name,salary_from,salary_to,salary_valuta,source,link
Водитель на автомобиль компании,75 000,140 000,руб,hh.ru,https://hh.ru/vacancy/39708662?query=%D0%B2%D0%BE%D0%B4%D0%B8%D1%82%D0%B5%D0%BB%D1%8C
Водитель-курьер на личном автомобиле/Водитель-экспедитор на личном автомобиле,90 000,130 000,руб,hh.ru,https://hh.ru/vacancy/47618822?query=%D0%B2%D0%BE%D0%B4%D0%B8%D1%82%D0%B5%D0%BB%D1%8C
Водитель с личным автомобилем,100 000,150 000,руб,hh.ru,https://hh.ru/vacancy/46115399?query=%D0%B2%D0%BE%D0%B4%D0%B8%D1%82%D0%B5%D0%BB%D1%8C
Водитель на личном или корпоративном автомобиле,-,-,-,hh.ru,https://hh.ru/vacancy/41711969?query=%D0%B2%D0%BE%D0%B4%D0%B8%D1%82%D0%B5%D0%BB%D1%8C
Водитель-экспедитор,-,-,-,hh.ru,https://hh.ru/vacancy/47379743?query=%D0%B2%D0%BE%D0%B4%D0%B8%D1%82%D0%B5%D0%BB%D1%8C
Водитель-курьер на личном автомобиле/Водитель-экспедитор на личном автомобиле,90 000,120 000,руб,hh.ru,https://hh.ru/vacancy/47618860?query=%D0%B2%D0%BE%D0%B4%D0%B8%D1%82%D0%B5%D0%BB%D1%8C
Водитель/Курьер на автомобиль компании Дзержинский,99 000,117 000,руб,hh.ru,https://hh.ru/vacancy/47259089?query=%D0%B2%D0%BE%D0%B4%D0%B8%D1%82%D0%B5%D0%BB%D1%8C
Водитель-курьер на личном автомобиле/Водитель-экспедитор на личном автомобиле,100 000,130 000,руб,hh.ru,https://hh.ru/vacancy/47618898?query=%D0%B2%D0%BE%D0%B4%D0%B8%D1%82%D0%B5%D0%BB%D1%8C
Водитель - экспедитор,79 000,90 000,руб,hh.ru,https://hh.ru/vacancy/37390629?query=%D0%B2%D0%BE%D0%B4%D0%B8%D1%82%D0%B5%D0%BB%D1%8C
Водитель с личным автомобилем,120 000,140 000,руб,hh.ru,https://hh.ru/vacancy/47659150?query=%D0%B2%D0%BE%D0%B4%D0%B8%D1%82%D0%B5%D0%BB%D1%8C
Водитель категории С на автомобиле компании,60 000,65 000,руб,hh.ru,https://hh.ru/vacancy/47004314?query=%D0%B2%D0%BE%D0%B4%D0%B8%D1%82%D0%B5%D0%BB%D1%8C
Водитель-экспедитор (Москва),60 000,100 000,руб,hh.ru,https://hh.ru/vacancy/42028662?query=%D0%B2%D0%BE%D0%B4%D0%B8%D1%82%D0%B5%D0%BB%D1%8C
Водитель - курьер на личном автомобиле / Водитель - экспедитор на личном автомобиле,-,-,-,hh.ru,https://hh.ru/vacancy/42225346?query=%D0%B2%D0%BE%D0%B4%D0%B8%D1%82%D0%B5%D0%BB%D1%8C
Водитель-экспедитор,-,-,-,hh.ru,https://hh.ru/vacancy/47509232?query=%D0%B2%D0%BE%D0%B4%D0%B8%D1%82%D0%B5%D0%BB%D1%8C
Водитель-экспедитор на грузовом автомобиле компании,-,-,-,hh.ru,https://hh.ru/vacancy/47598222?query=%D0%B2%D0%BE%D0%B4%D0%B8%D1%82%D0%B5%D0%BB%D1%8C
Водитель,-,-,-,hh.ru,https://hh.ru/vacancy/47599205?query=%D0%B2%D0%BE%D0%B4%D0%B8%D1%82%D0%B5%D0%BB%D1%8C
Водитель штатный,85 000,135 000,руб,hh.ru,https://hh.ru/vacancy/46446139?query=%D0%B2%D0%BE%D0%B4%D0%B8%D1%82%D0%B5%D0%BB%D1%8C
Водитель-курьер на своем автомобиле,63 000,100 000,руб,hh.ru,https://hh.ru/vacancy/47589387?query=%D0%B2%D0%BE%D0%B4%D0%B8%D1%82%D0%B5%D0%BB%D1%8C
Водитель такси на автомобиль,-,-,-,hh.ru,https://hh.ru/vacancy/47581621?query=%D0%B2%D0%BE%D0%B4%D0%B8%D1%82%D0%B5%D0%BB%D1%8C
"Водитель-экспедитор на автомобиль компании (Форд Транзит, Ситроен Джампер)",-,-,-,hh.ru,https://hh.ru/vacancy/47568570?query=%D0%B2%D0%BE%D0%B4%D0%B8%D1%82%D0%B5%D0%BB%D1%8C
Водитель-курьер с личным автомобилем,80 000,120 000,руб,hh.ru,https://hh.ru/vacancy/46184414?query=%D0%B2%D0%BE%D0%B4%D0%B8%D1%82%D0%B5%D0%BB%D1%8C
Водитель личный,-,-,-,hh.ru,https://hh.ru/vacancy/42062640?query=%D0%B2%D0%BE%D0%B4%D0%B8%D1%82%D0%B5%D0%BB%D1%8C
Водитель-курьер,90 000,110 000,руб,hh.ru,https://hh.ru/vacancy/46891649?query=%D0%B2%D0%BE%D0%B4%D0%B8%D1%82%D0%B5%D0%BB%D1%8C
Водитель такси на автомобиль таксопарка,-,-,-,hh.ru,https://hh.ru/vacancy/47556174?query=%D0%B2%D0%BE%D0%B4%D0%B8%D1%82%D0%B5%D0%BB%D1%8C
Личный водитель,-,-,-,hh.ru,https://hh.ru/vacancy/42621737?query=%D0%B2%D0%BE%D0%B4%D0%B8%D1%82%D0%B5%D0%BB%D1%8C
Водитель-экспедитор на автомобиль компании,90 000,110 000,руб,hh.ru,https://hh.ru/vacancy/46092126?query=%D0%B2%D0%BE%D0%B4%D0%B8%D1%82%D0%B5%D0%BB%D1%8C
Водитель с личным автомобилем,-,-,-,hh.ru,https://hh.ru/vacancy/45413338?query=%D0%B2%D0%BE%D0%B4%D0%B8%D1%82%D0%B5%D0%BB%D1%8C
Водитель-экспедитор,-,-,-,hh.ru,https://hh.ru/vacancy/42946928?query=%D0%B2%D0%BE%D0%B4%D0%B8%D1%82%D0%B5%D0%BB%D1%8C
Водитель штатный,-,-,-,hh.ru,https://hh.ru/vacancy/47508750?query=%D0%B2%D0%BE%D0%B4%D0%B8%D1%82%D0%B5%D0%BB%D1%8C
Водитель в организацию,-,-,-,hh.ru,https://hh.ru/vacancy/47532956?query=%D0%B2%D0%BE%D0%B4%D0%B8%D1%82%D0%B5%D0%BB%D1%8C
Водитель (на автотранспорт работодателя),50 000,70 000,руб,hh.ru,https://hh.ru/vacancy/47505010?query=%D0%B2%D0%BE%D0%B4%D0%B8%D1%82%D0%B5%D0%BB%D1%8C
Водитель с личным грузовым автомобилем,-,-,-,hh.ru,https://hh.ru/vacancy/45642004?query=%D0%B2%D0%BE%D0%B4%D0%B8%D1%82%D0%B5%D0%BB%D1%8C
Водитель,65 000,110 000,руб,hh.ru,https://hh.ru/vacancy/47559570?query=%D0%B2%D0%BE%D0%B4%D0%B8%D1%82%D0%B5%D0%BB%D1%8C
Водитель на автомобиль компании,85 000,135 000,руб,hh.ru,https://hh.ru/vacancy/47300785?query=%D0%B2%D0%BE%D0%B4%D0%B8%D1%82%D0%B5%D0%BB%D1%8C
Курьер-водитель на личном автомобиле,-,-,-,hh.ru,https://hh.ru/vacancy/46707054?query=%D0%B2%D0%BE%D0%B4%D0%B8%D1%82%D0%B5%D0%BB%D1%8C
Водитель,-,-,-,hh.ru,https://hh.ru/vacancy/41003141?query=%D0%B2%D0%BE%D0%B4%D0%B8%D1%82%D0%B5%D0%BB%D1%8C
Водитель-экспедитор категории С,60 000,100 000,руб,hh.ru,https://hh.ru/vacancy/47325781?query=%D0%B2%D0%BE%D0%B4%D0%B8%D1%82%D0%B5%D0%BB%D1%8C
Водитель-экспедитор на авто компании (д. Шарапово),90 000,90 000,руб,hh.ru,https://hh.ru/vacancy/40367638?query=%D0%B2%D0%BE%D0%B4%D0%B8%D1%82%D0%B5%D0%BB%D1%8C
Водитель автомобиля бизнес класса,-,-,-,hh.ru,https://hh.ru/vacancy/46063639?query=%D0%B2%D0%BE%D0%B4%D0%B8%D1%82%D0%B5%D0%BB%D1%8C
Личный водитель,73 000,130 000,руб,hh.ru,https://hh.ru/vacancy/39156301?query=%D0%B2%D0%BE%D0%B4%D0%B8%D1%82%D0%B5%D0%BB%D1%8C
Водитель-курьер с личным автомобилем,90 000,120 000,руб,hh.ru,https://hh.ru/vacancy/47279803?query=%D0%B2%D0%BE%D0%B4%D0%B8%D1%82%D0%B5%D0%BB%D1%8C
Водитель-экспедитор,-,-,-,hh.ru,https://hh.ru/vacancy/47531507?query=%D0%B2%D0%BE%D0%B4%D0%B8%D1%82%D0%B5%D0%BB%D1%8C
Водитель-курьер на личном автомобиле,-,-,-,hh.ru,https://hh.ru/vacancy/41737702?query=%D0%B2%D0%BE%D0%B4%D0%B8%D1%82%D0%B5%D0%BB%D1%8C
Водитель-курьер на личном транспорте,80 000,130 000,руб,hh.ru,https://hh.ru/vacancy/47478473?query=%D0%B2%D0%BE%D0%B4%D0%B8%D1%82%D0%B5%D0%BB%D1%8C
Водитель-экспедитор,75 000,120 000,руб,hh.ru,https://hh.ru/vacancy/41429448?query=%D0%B2%D0%BE%D0%B4%D0%B8%D1%82%D0%B5%D0%BB%D1%8C
Личный водитель,80 000,85 000,руб,hh.ru,https://hh.ru/vacancy/47649889?query=%D0%B2%D0%BE%D0%B4%D0%B8%D1%82%D0%B5%D0%BB%D1%8C
Водитель,100 000,100 000,руб,hh.ru,https://hh.ru/vacancy/47609940?query=%D0%B2%D0%BE%D0%B4%D0%B8%D1%82%D0%B5%D0%BB%D1%8C
Водитель-курьер,120 000,170 000,руб,hh.ru,https://hh.ru/vacancy/47629585?query=%D0%B2%D0%BE%D0%B4%D0%B8%D1%82%D0%B5%D0%BB%D1%8C
Водитель-экспедитор на авто компании,98 000,150 000,руб,hh.ru,https://hh.ru/vacancy/47207256?query=%D0%B2%D0%BE%D0%B4%D0%B8%D1%82%D0%B5%D0%BB%D1%8C
Водитель с личным грузовым автомобилем,190 000,220 000,руб,hh.ru,https://hh.ru/vacancy/47056157?query=%D0%B2%D0%BE%D0%B4%D0%B8%D1%82%D0%B5%D0%BB%D1%8C
Водитель на автомобиль компании,75 000,140 000,руб,hh.ru,https://hh.ru/vacancy/39708662?query=%D0%B2%D0%BE%D0%B4%D0%B8%D1%82%D0%B5%D0%BB%D1%8C
Водитель-курьер на личном автомобиле/Водитель-экспедитор на личном автомобиле,90 000,130 000,руб,hh.ru,https://hh.ru/vacancy/47618822?query=%D0%B2%D0%BE%D0%B4%D0%B8%D1%82%D0%B5%D0%BB%D1%8C
Водитель с личным автомобилем,100 000,150 000,руб,hh.ru,https://hh.ru/vacancy/46115399?query=%D0%B2%D0%BE%D0%B4%D0%B8%D1%82%D0%B5%D0%BB%D1%8C
Водитель на личном или корпоративном автомобиле,-,-,-,hh.ru,https://hh.ru/vacancy/41711969?query=%D0%B2%D0%BE%D0%B4%D0%B8%D1%82%D0%B5%D0%BB%D1%8C
Водитель-экспедитор,-,-,-,hh.ru,https://hh.ru/vacancy/47379743?query=%D0%B2%D0%BE%D0%B4%D0%B8%D1%82%D0%B5%D0%BB%D1%8C
Водитель-курьер на личном автомобиле/Водитель-экспедитор на личном автомобиле,90 000,120 000,руб,hh.ru,https://hh.ru/vacancy/47618860?query=%D0%B2%D0%BE%D0%B4%D0%B8%D1%82%D0%B5%D0%BB%D1%8C
Водитель/Курьер на автомобиль компании Дзержинский,99 000,117 000,руб,hh.ru,https://hh.ru/vacancy/47259089?query=%D0%B2%D0%BE%D0%B4%D0%B8%D1%82%D0%B5%D0%BB%D1%8C
Водитель-курьер на личном автомобиле/Водитель-экспедитор на личном автомобиле,100 000,130 000,руб,hh.ru,https://hh.ru/vacancy/47618898?query=%D0%B2%D0%BE%D0%B4%D0%B8%D1%82%D0%B5%D0%BB%D1%8C
Водитель - экспедитор,79 000,90 000,руб,hh.ru,https://hh.ru/vacancy/37390629?query=%D0%B2%D0%BE%D0%B4%D0%B8%D1%82%D0%B5%D0%BB%D1%8C
Водитель с личным автомобилем,120 000,140 000,руб,hh.ru,https://hh.ru/vacancy/47659150?query=%D0%B2%D0%BE%D0%B4%D0%B8%D1%82%D0%B5%D0%BB%D1%8C
Водитель категории С на автомобиле компании,60 000,65 000,руб,hh.ru,https://hh.ru/vacancy/47004314?query=%D0%B2%D0%BE%D0%B4%D0%B8%D1%82%D0%B5%D0%BB%D1%8C
Водитель-экспедитор (Москва),60 000,100 000,руб,hh.ru,https://hh.ru/vacancy/42028662?query=%D0%B2%D0%BE%D0%B4%D0%B8%D1%82%D0%B5%D0%BB%D1%8C
Водитель - курьер на личном автомобиле / Водитель - экспедитор на личном автомобиле,-,-,-,hh.ru,https://hh.ru/vacancy/42225346?query=%D0%B2%D0%BE%D0%B4%D0%B8%D1%82%D0%B5%D0%BB%D1%8C
Водитель-экспедитор,-,-,-,hh.ru,https://hh.ru/vacancy/47509232?query=%D0%B2%D0%BE%D0%B4%D0%B8%D1%82%D0%B5%D0%BB%D1%8C
Водитель-экспедитор на грузовом автомобиле компании,-,-,-,hh.ru,https://hh.ru/vacancy/47598222?query=%D0%B2%D0%BE%D0%B4%D0%B8%D1%82%D0%B5%D0%BB%D1%8C
Водитель,-,-,-,hh.ru,https://hh.ru/vacancy/47599205?query=%D0%B2%D0%BE%D0%B4%D0%B8%D1%82%D0%B5%D0%BB%D1%8C
Водитель штатный,85 000,135 000,руб,hh.ru,https://hh.ru/vacancy/46446139?query=%D0%B2%D0%BE%D0%B4%D0%B8%D1%82%D0%B5%D0%BB%D1%8C
Водитель-курьер на своем автомобиле,63 000,100 000,руб,hh.ru,https://hh.ru/vacancy/47589387?query=%D0%B2%D0%BE%D0%B4%D0%B8%D1%82%D0%B5%D0%BB%D1%8C
Водитель такси на автомобиль,-,-,-,hh.ru,https://hh.ru/vacancy/47581621?query=%D0%B2%D0%BE%D0%B4%D0%B8%D1%82%D0%B5%D0%BB%D1%8C
"Водитель-экспедитор на автомобиль компании (Форд Транзит, Ситроен Джампер)",-,-,-,hh.ru,https://hh.ru/vacancy/47568570?query=%D0%B2%D0%BE%D0%B4%D0%B8%D1%82%D0%B5%D0%BB%D1%8C
Водитель-курьер с личным автомобилем,80 000,120 000,руб,hh.ru,https://hh.ru/vacancy/46184414?query=%D0%B2%D0%BE%D0%B4%D0%B8%D1%82%D0%B5%D0%BB%D1%8C
Водитель личный,-,-,-,hh.ru,https://hh.ru/vacancy/42062640?query=%D0%B2%D0%BE%D0%B4%D0%B8%D1%82%D0%B5%D0%BB%D1%8C
Водитель-курьер,90 000,110 000,руб,hh.ru,https://hh.ru/vacancy/46891649?query=%D0%B2%D0%BE%D0%B4%D0%B8%D1%82%D0%B5%D0%BB%D1%8C
Водитель такси на автомобиль таксопарка,-,-,-,hh.ru,https://hh.ru/vacancy/47556174?query=%D0%B2%D0%BE%D0%B4%D0%B8%D1%82%D0%B5%D0%BB%D1%8C
Личный водитель,-,-,-,hh.ru,https://hh.ru/vacancy/42621737?query=%D0%B2%D0%BE%D0%B4%D0%B8%D1%82%D0%B5%D0%BB%D1%8C
Водитель-экспедитор на автомобиль компании,90 000,110 000,руб,hh.ru,https://hh.ru/vacancy/46092126?query=%D0%B2%D0%BE%D0%B4%D0%B8%D1%82%D0%B5%D0%BB%D1%8C
Водитель с личным автомобилем,-,-,-,hh.ru,https://hh.ru/vacancy/45413338?query=%D0%B2%D0%BE%D0%B4%D0%B8%D1%82%D0%B5%D0%BB%D1%8C
Водитель-экспедитор,-,-,-,hh.ru,https://hh.ru/vacancy/42946928?query=%D0%B2%D0%BE%D0%B4%D0%B8%D1%82%D0%B5%D0%BB%D1%8C
Водитель штатный,-,-,-,hh.ru,https://hh.ru/vacancy/47508750?query=%D0%B2%D0%BE%D0%B4%D0%B8%D1%82%D0%B5%D0%BB%D1%8C
Водитель в организацию,-,-,-,hh.ru,https://hh.ru/vacancy/47532956?query=%D0%B2%D0%BE%D0%B4%D0%B8%D1%82%D0%B5%D0%BB%D1%8C
Водитель (на автотранспорт работодателя),50 000,70 000,руб,hh.ru,https://hh.ru/vacancy/47505010?query=%D0%B2%D0%BE%D0%B4%D0%B8%D1%82%D0%B5%D0%BB%D1%8C
Водитель с личным грузовым автомобилем,-,-,-,hh.ru,https://hh.ru/vacancy/45642004?query=%D0%B2%D0%BE%D0%B4%D0%B8%D1%82%D0%B5%D0%BB%D1%8C
Водитель,65 000,110 000,руб,hh.ru,https://hh.ru/vacancy/47559570?query=%D0%B2%D0%BE%D0%B4%D0%B8%D1%82%D0%B5%D0%BB%D1%8C
Водитель на автомобиль компании,85 000,135 000,руб,hh.ru,https://hh.ru/vacancy/47300785?query=%D0%B2%D0%BE%D0%B4%D0%B8%D1%82%D0%B5%D0%BB%D1%8C
Курьер-водитель на личном автомобиле,-,-,-,hh.ru,https://hh.ru/vacancy/46707054?query=%D0%B2%D0%BE%D0%B4%D0%B8%D1%82%D0%B5%D0%BB%D1%8C
Водитель,-,-,-,hh.ru,https://hh.ru/vacancy/41003141?query=%D0%B2%D0%BE%D0%B4%D0%B8%D1%82%D0%B5%D0%BB%D1%8C
Водитель-экспедитор категории С,60 000,100 000,руб,hh.ru,https://hh.ru/vacancy/47325781?query=%D0%B2%D0%BE%D0%B4%D0%B8%D1%82%D0%B5%D0%BB%D1%8C
Водитель-экспедитор на авто компании (д. Шарапово),90 000,90 000,руб,hh.ru,https://hh.ru/vacancy/40367638?query=%D0%B2%D0%BE%D0%B4%D0%B8%D1%82%D0%B5%D0%BB%D1%8C
Водитель автомобиля бизнес класса,-,-,-,hh.ru,https://hh.ru/vacancy/46063639?query=%D0%B2%D0%BE%D0%B4%D0%B8%D1%82%D0%B5%D0%BB%D1%8C
Личный водитель,73 000,130 000,руб,hh.ru,https://hh.ru/vacancy/39156301?query=%D0%B2%D0%BE%D0%B4%D0%B8%D1%82%D0%B5%D0%BB%D1%8C
Водитель-курьер с личным автомобилем,90 000,120 000,руб,hh.ru,https://hh.ru/vacancy/47279803?query=%D0%B2%D0%BE%D0%B4%D0%B8%D1%82%D0%B5%D0%BB%D1%8C
Водитель-экспедитор,-,-,-,hh.ru,https://hh.ru/vacancy/47531507?query=%D0%B2%D0%BE%D0%B4%D0%B8%D1%82%D0%B5%D0%BB%D1%8C
Водитель-курьер на личном автомобиле,-,-,-,hh.ru,https://hh.ru/vacancy/41737702?query=%D0%B2%D0%BE%D0%B4%D0%B8%D1%82%D0%B5%D0%BB%D1%8C
Водитель-курьер на личном транспорте,80 000,130 000,руб,hh.ru,https://hh.ru/vacancy/47478473?query=%D0%B2%D0%BE%D0%B4%D0%B8%D1%82%D0%B5%D0%BB%D1%8C
Водитель-экспедитор,75 000,120 000,руб,hh.ru,https://hh.ru/vacancy/41429448?query=%D0%B2%D0%BE%D0%B4%D0%B8%D1%82%D0%B5%D0%BB%D1%8C
Личный водитель,80 000,85 000,руб,hh.ru,https://hh.ru/vacancy/47649889?query=%D0%B2%D0%BE%D0%B4%D0%B8%D1%82%D0%B5%D0%BB%D1%8C
Водитель,100 000,100 000,руб,hh.ru,https://hh.ru/vacancy/47609940?query=%D0%B2%D0%BE%D0%B4%D0%B8%D1%82%D0%B5%D0%BB%D1%8C
Водитель-курьер,120 000,170 000,руб,hh.ru,https://hh.ru/vacancy/47629585?query=%D0%B2%D0%BE%D0%B4%D0%B8%D1%82%D0%B5%D0%BB%D1%8C
Водитель-экспедитор на авто компании,98 000,150 000,руб,hh.ru,https://hh.ru/vacancy/47207256?query=%D0%B2%D0%BE%D0%B4%D0%B8%D1%82%D0%B5%D0%BB%D1%8C
Водитель с личным грузовым автомобилем,190 000,220 000,руб,hh.ru,https://hh.ru/vacancy/47056157?query=%D0%B2%D0%BE%D0%B4%D0%B8%D1%82%D0%B5%D0%BB%D1%8C
Водитель на автомобиль компании,75 000,140 000,руб,hh.ru,https://hh.ru/vacancy/39708662?query=%D0%B2%D0%BE%D0%B4%D0%B8%D1%82%D0%B5%D0%BB%D1%8C
Водитель-курьер на личном автомобиле/Водитель-экспедитор на личном автомобиле,90 000,130 000,руб,hh.ru,https://hh.ru/vacancy/47618822?query=%D0%B2%D0%BE%D0%B4%D0%B8%D1%82%D0%B5%D0%BB%D1%8C
Водитель с личным автомобилем,100 000,150 000,руб,hh.ru,https://hh.ru/vacancy/46115399?query=%D0%B2%D0%BE%D0%B4%D0%B8%D1%82%D0%B5%D0%BB%D1%8C
Водитель на личном или корпоративном автомобиле,-,-,-,hh.ru,https://hh.ru/vacancy/41711969?query=%D0%B2%D0%BE%D0%B4%D0%B8%D1%82%D0%B5%D0%BB%D1%8C
Водитель-экспедитор,-,-,-,hh.ru,https://hh.ru/vacancy/47379743?query=%D0%B2%D0%BE%D0%B4%D0%B8%D1%82%D0%B5%D0%BB%D1%8C
Водитель-курьер на личном автомобиле/Водитель-экспедитор на личном автомобиле,90 000,120 000,руб,hh.ru,https://hh.ru/vacancy/47618860?query=%D0%B2%D0%BE%D0%B4%D0%B8%D1%82%D0%B5%D0%BB%D1%8C
Водитель/Курьер на автомобиль компании Дзержинский,99 000,117 000,руб,hh.ru,https://hh.ru/vacancy/47259089?query=%D0%B2%D0%BE%D0%B4%D0%B8%D1%82%D0%B5%D0%BB%D1%8C
Водитель-курьер на личном автомобиле/Водитель-экспедитор на личном автомобиле,100 000,130 000,руб,hh.ru,https://hh.ru/vacancy/47618898?query=%D0%B2%D0%BE%D0%B4%D0%B8%D1%82%D0%B5%D0%BB%D1%8C
Водитель - экспедитор,79 000,90 000,руб,hh.ru,https://hh.ru/vacancy/37390629?query=%D0%B2%D0%BE%D0%B4%D0%B8%D1%82%D0%B5%D0%BB%D1%8C
Водитель с личным автомобилем,120 000,140 000,руб,hh.ru,https://hh.ru/vacancy/47659150?query=%D0%B2%D0%BE%D0%B4%D0%B8%D1%82%D0%B5%D0%BB%D1%8C
Водитель категории С на автомобиле компании,60 000,65 000,руб,hh.ru,https://hh.ru/vacancy/47004314?query=%D0%B2%D0%BE%D0%B4%D0%B8%D1%82%D0%B5%D0%BB%D1%8C
Водитель-экспедитор (Москва),60 000,100 000,руб,hh.ru,https://hh.ru/vacancy/42028662?query=%D0%B2%D0%BE%D0%B4%D0%B8%D1%82%D0%B5%D0%BB%D1%8C
Водитель - курьер на личном автомобиле / Водитель - экспедитор на личном автомобиле,-,-,-,hh.ru,https://hh.ru/vacancy/42225346?query=%D0%B2%D0%BE%D0%B4%D0%B8%D1%82%D0%B5%D0%BB%D1%8C
Водитель-экспедитор,-,-,-,hh.ru,https://hh.ru/vacancy/47509232?query=%D0%B2%D0%BE%D0%B4%D0%B8%D1%82%D0%B5%D0%BB%D1%8C
Водитель-экспедитор на грузовом автомобиле компании,-,-,-,hh.ru,https://hh.ru/vacancy/47598222?query=%D0%B2%D0%BE%D0%B4%D0%B8%D1%82%D0%B5%D0%BB%D1%8C
Водитель,-,-,-,hh.ru,https://hh.ru/vacancy/47599205?query=%D0%B2%D0%BE%D0%B4%D0%B8%D1%82%D0%B5%D0%BB%D1%8C
Водитель штатный,85 000,135 000,руб,hh.ru,https://hh.ru/vacancy/46446139?query=%D0%B2%D0%BE%D0%B4%D0%B8%D1%82%D0%B5%D0%BB%D1%8C
Водитель-курьер на своем автомобиле,63 000,100 000,руб,hh.ru,https://hh.ru/vacancy/47589387?query=%D0%B2%D0%BE%D0%B4%D0%B8%D1%82%D0%B5%D0%BB%D1%8C
Водитель такси на автомобиль,-,-,-,hh.ru,https://hh.ru/vacancy/47581621?query=%D0%B2%D0%BE%D0%B4%D0%B8%D1%82%D0%B5%D0%BB%D1%8C
"Водитель-экспедитор на автомобиль компании (Форд Транзит, Ситроен Джампер)",-,-,-,hh.ru,https://hh.ru/vacancy/47568570?query=%D0%B2%D0%BE%D0%B4%D0%B8%D1%82%D0%B5%D0%BB%D1%8C
Водитель-курьер с личным автомобилем,80 000,120 000,руб,hh.ru,https://hh.ru/vacancy/46184414?query=%D0%B2%D0%BE%D0%B4%D0%B8%D1%82%D0%B5%D0%BB%D1%8C
Водитель личный,-,-,-,hh.ru,https://hh.ru/vacancy/42062640?query=%D0%B2%D0%BE%D0%B4%D0%B8%D1%82%D0%B5%D0%BB%D1%8C
Водитель-курьер,90 000,110 000,руб,hh.ru,https://hh.ru/vacancy/46891649?query=%D0%B2%D0%BE%D0%B4%D0%B8%D1%82%D0%B5%D0%BB%D1%8C
Водитель такси на автомобиль таксопарка,-,-,-,hh.ru,https://hh.ru/vacancy/47556174?query=%D0%B2%D0%BE%D0%B4%D0%B8%D1%82%D0%B5%D0%BB%D1%8C
Личный водитель,-,-,-,hh.ru,https://hh.ru/vacancy/42621737?query=%D0%B2%D0%BE%D0%B4%D0%B8%D1%82%D0%B5%D0%BB%D1%8C
Водитель-экспедитор на автомобиль компании,90 000,110 000,руб,hh.ru,https://hh.ru/vacancy/46092126?query=%D0%B2%D0%BE%D0%B4%D0%B8%D1%82%D0%B5%D0%BB%D1%8C
Водитель с личным автомобилем,-,-,-,hh.ru,https://hh.ru/vacancy/45413338?query=%D0%B2%D0%BE%D0%B4%D0%B8%D1%82%D0%B5%D0%BB%D1%8C
Водитель-экспедитор,-,-,-,hh.ru,https://hh.ru/vacancy/42946928?query=%D0%B2%D0%BE%D0%B4%D0%B8%D1%82%D0%B5%D0%BB%D1%8C
Водитель штатный,-,-,-,hh.ru,https://hh.ru/vacancy/47508750?query=%D0%B2%D0%BE%D0%B4%D0%B8%D1%82%D0%B5%D0%BB%D1%8C
Водитель в организацию,-,-,-,hh.ru,https://hh.ru/vacancy/47532956?query=%D0%B2%D0%BE%D0%B4%D0%B8%D1%82%D0%B5%D0%BB%D1%8C
Водитель (на автотранспорт работодателя),50 000,70 000,руб,hh.ru,https://hh.ru/vacancy/47505010?query=%D0%B2%D0%BE%D0%B4%D0%B8%D1%82%D0%B5%D0%BB%D1%8C
Водитель с личным грузовым автомобилем,-,-,-,hh.ru,https://hh.ru/vacancy/45642004?query=%D0%B2%D0%BE%D0%B4%D0%B8%D1%82%D0%B5%D0%BB%D1%8C
Водитель,65 000,110 000,руб,hh.ru,https://hh.ru/vacancy/47559570?query=%D0%B2%D0%BE%D0%B4%D0%B8%D1%82%D0%B5%D0%BB%D1%8C
Водитель на автомобиль компании,85 000,135 000,руб,hh.ru,https://hh.ru/vacancy/47300785?query=%D0%B2%D0%BE%D0%B4%D0%B8%D1%82%D0%B5%D0%BB%D1%8C
Курьер-водитель на личном автомобиле,-,-,-,hh.ru,https://hh.ru/vacancy/46707054?query=%D0%B2%D0%BE%D0%B4%D0%B8%D1%82%D0%B5%D0%BB%D1%8C
Водитель,-,-,-,hh.ru,https://hh.ru/vacancy/41003141?query=%D0%B2%D0%BE%D0%B4%D0%B8%D1%82%D0%B5%D0%BB%D1%8C
Водитель-экспедитор категории С,60 000,100 000,руб,hh.ru,https://hh.ru/vacancy/47325781?query=%D0%B2%D0%BE%D0%B4%D0%B8%D1%82%D0%B5%D0%BB%D1%8C
Водитель-экспедитор на авто компании (д. Шарапово),90 000,90 000,руб,hh.ru,https://hh.ru/vacancy/40367638?query=%D0%B2%D0%BE%D0%B4%D0%B8%D1%82%D0%B5%D0%BB%D1%8C
Водитель автомобиля бизнес класса,-,-,-,hh.ru,https://hh.ru/vacancy/46063639?query=%D0%B2%D0%BE%D0%B4%D0%B8%D1%82%D0%B5%D0%BB%D1%8C
Личный водитель,73 000,130 000,руб,hh.ru,https://hh.ru/vacancy/39156301?query=%D0%B2%D0%BE%D0%B4%D0%B8%D1%82%D0%B5%D0%BB%D1%8C
Водитель-курьер с личным автомобилем,90 000,120 000,руб,hh.ru,https://hh.ru/vacancy/47279803?query=%D0%B2%D0%BE%D0%B4%D0%B8%D1%82%D0%B5%D0%BB%D1%8C
Водитель-экспедитор,-,-,-,hh.ru,https://hh.ru/vacancy/47531507?query=%D0%B2%D0%BE%D0%B4%D0%B8%D1%82%D0%B5%D0%BB%D1%8C
Водитель-курьер на личном автомобиле,-,-,-,hh.ru,https://hh.ru/vacancy/41737702?query=%D0%B2%D0%BE%D0%B4%D0%B8%D1%82%D0%B5%D0%BB%D1%8C
Водитель-курьер на личном транспорте,80 000,130 000,руб,hh.ru,https://hh.ru/vacancy/47478473?query=%D0%B2%D0%BE%D0%B4%D0%B8%D1%82%D0%B5%D0%BB%D1%8C
Водитель-экспедитор,75 000,120 000,руб,hh.ru,https://hh.ru/vacancy/41429448?query=%D0%B2%D0%BE%D0%B4%D0%B8%D1%82%D0%B5%D0%BB%D1%8C
Личный водитель,80 000,85 000,руб,hh.ru,https://hh.ru/vacancy/47649889?query=%D0%B2%D0%BE%D0%B4%D0%B8%D1%82%D0%B5%D0%BB%D1%8C
Водитель,100 000,100 000,руб,hh.ru,https://hh.ru/vacancy/47609940?query=%D0%B2%D0%BE%D0%B4%D0%B8%D1%82%D0%B5%D0%BB%D1%8C
Водитель-курьер,120 000,170 000,руб,hh.ru,https://hh.ru/vacancy/47629585?query=%D0%B2%D0%BE%D0%B4%D0%B8%D1%82%D0%B5%D0%BB%D1%8C
Водитель-экспедитор на авто компании,98 000,150 000,руб,hh.ru,https://hh.ru/vacancy/47207256?query=%D0%B2%D0%BE%D0%B4%D0%B8%D1%82%D0%B5%D0%BB%D1%8C
Водитель с личным грузовым автомобилем,190 000,220 000,руб,hh.ru,https://hh.ru/vacancy/47056157?query=%D0%B2%D0%BE%D0%B4%D0%B8%D1%82%D0%B5%D0%BB%D1%8C
